slot_id,day,start_time,end_time
T001,Monday,09:00,10:00
T002,Monday,10:00,11:00
T003,Monday,11:00,12:00
T004,Monday,12:00,13:00
T005,Tuesday,09:00,10:00
T006,Tuesday,10:00,11:00
T007,Tuesday,11:00,12:00
T008,Tuesday,12:00,13:00
T009,Wednesday,09:00,10:00
T010,Wednesday,10:00,11:00
T011,Wednesday,11:00,12:00
T012,Wednesday,12:00,13:00
T013,Thursday,09:00,10:00
T014,Thursday,10:00,11:00
T015,Thursday,11:00,12:00
T016,Thursday,12:00,13:00
T017,Friday,09:00,10:00
T018,Friday,10:00,11:00
T019,Friday,11:00,12:00
T020,Friday,12:00,13:00
